id,stage,word,kana,role,question,choice1,choice2,choice3,answerNo,memo,odaiQuestion,sayCorrect,sayWrong,order,pattern,lane,hp,kanaParts
1,1,アオイ科,あおいか,zako,綿(めん)は何科の植物?,アオイ科,ミカン科,,1,綿はアオイ科の植物。試験にもよく出るよ,,,,1,normal,0.3,1,
2,1,コットンボール,こっとんぼーる,zako,実がはじけてふくらんだ、綿のかたまりを何と呼ぶ?,コットンボール,コットンキャンディ,,1,綿花(めんか)とはこのコットンボールのこと,,,,4,edge,1,1,
3,1,ルーメン,るーめん,mid,綿がよく水を吸うのは、繊維(せんい)の中がストローのように空洞(くうどう)だから。この空洞の名前は?,ルーメン,トンネル,,1,ルーメンのおかげで吸水・保温・ふっくら復元!,,,,3,normal,0.5,3,る ー め ん
4,1,リント,りんと,zako,綿の繊維(せんい)のうち、糸に紡(つむ)がれる「長い繊維(せんい)」を何と呼ぶ?,リント,リンター,,1,短い方のリンターは油や不織布(ふしょくふ)に使われる,,,,5,cross,0,1,
5,1,リンター,りんたー,zako,種に残った短い繊維(せんい)「リンター」は、どうなる?,油や不織布の原料になる,捨てられる,,1,綿はぜんぶ使い切れるエコな植物!,,,,7,behind,0.6,1,
6,1,天然の撚り,てんねんのより,boss,綿の繊維(せんい)は自然に◯◯◯いるから、糸にしたとき強くなる。◯◯◯は?,よじれて,まっすぐで,,1,天然のよじれ(撚(よ)り)が繊維(せんい)同士をからませる,綿の繊維(せんい)に生まれつきあって、繊維どうしをからませ、糸を強くする「よじれ」は？,,,10,normal,0.5,12,てん ねん の よ り
7,1,繊維長,せんいちょう,mid,綿の品質は、まず繊維(せんい)の何で区別する?,長さ,色,,1,長いほど高級。繊維長(せんいちょう)がものさし,長いほど高級といわれる、綿の品質を区別するものさしは？,,,8,normal,0.4,3,せん い ちょう
8,1,綿の花,めんのはな,zako,綿の花は、さいたあと何色に変わっていく?,乳白色から赤むらさき色へ,ずっと真っ白のまま,,1,花の色が変わるのが綿のふしぎ,,,,6,ground,0.3,1,
9,1,一年生植物,いちねんせいしょくぶつ,zako,綿は春に種をまいて、どのくらいで1mほどに育つ?,3〜4ヶ月,3〜4年,,1,綿は一年で育つ「一年生」として育てられる,,,,2,ground,0.65,1,
10,1,植物繊維,しょくぶつせんい,zako,綿と麻(あさ)は、天然繊維(せんい)のうちどっちの仲間?,植物繊維(せんい),動物繊維(せんい),,1,動物繊維(せんい)は毛(ウール)や絹(シルク),,,,9,cross,1,1,
11,2,ヒルスツム,ひるすつむ,zako,世界の綿の4分の3以上をしめる、いちばん普通の品種は?,ヒルスツム,バルバデンセ,,1,アプランド綿とも呼ばれる世界の主役,,,,1,normal,0.3,1,
12,2,バルバデンセ,ばるばでんせ,zako,高級綿製品に使われる、細い糸用の品種は?,バルバデンセ,アルボレウム,,1,超長綿(ちょうちょうめん)のほとんどがこの品種,,,,2,normal,0.6,1,
13,2,ギザ,ぎざ,boss,エジプトの高級綿につけられる呼び名は?,ギザ,ピマ,,1,ナイル川のめぐみで育つ。ギザ45は最高級で有名,,,,10,normal,0.45,12,
14,2,スーピマ,すーぴま,mid,アメリカで育てられる、繊維(せんい)がとくべつ長い高級綿は?,スーピマ,デシ綿,,1,品質がぜんぶ平均以上!つやとしなやかさが自慢,,,,4,normal,0.7,3,
15,2,海島綿,かいとうめん,zako,カリブ海の島々で育つ、シルクのようにつやのある高級綿は?,海島綿(かいとうめん),新島綿,,1,シーアイランドコットンとも呼ばれる,,,,5,normal,0.35,1,
16,2,新疆綿,しんきょうめん,zako,中国の砂漠(さばく)地帯で、昼と夜の温度差で育つ超長綿(ちょうちょうめん)は?,新疆綿(しんきょうめん),北京綿,,1,新疆ウイグル自治区の146綿が有名,,,,6,normal,0.55,1,
17,2,インド,いんど,zako,綿花の生産量が多い国。中国・アメリカ・パキスタン・ブラジルと、あと1つは?,インド,日本,,1,この上位の国々で世界の70%!,,,,7,normal,0.25,1,
18,2,超長綿,ちょうちょうめん,mid,繊維(せんい)がいちばん長い、最高ランクの綿を何と呼ぶ?,超長綿(ちょうちょうめん),短繊維(せんい)綿,,1,英語でELS。高級タオルの素材,,,,8,normal,0.65,3,
19,2,サンホーキン綿,さんほーきんめん,zako,アメリカ・カリフォルニアの谷で育つ、強くてきれいな色の綿は?,サンホーキン綿,ロッキー綿,,1,世界でもっともクリーンな綿のひとつ,,,,9,normal,0.4,1,
20,2,綿花の輸入,めんかのゆにゅう,zako,日本で使う綿花は、どのくらいが輸入品?,ほぼ99%,半分くらい,,1,日本の綿はほとんど海をわたってやってくる,,,,10,normal,0.5,1,
21,3,番手,ばんて,zako,糸の太さを表す「番手(ばんて)」。数字が大きいほど糸は?,細い,太い,,1,20番より40番の方が細い糸,,,,1,normal,0.3,1,
22,3,細番手,ほそばんて,zako,80番手(ばんて)より細い糸を何と呼ぶ?,細番手(ばんて),太番手(ばんて),,1,高級なパイル用に使われる,,,,2,normal,0.6,1,
23,3,太番手,ふとばんて,mid,20番手(ばんて)より太い糸を何と呼ぶ?,太番手(ばんて),中番手(ばんて),,1,厚くてしっかりした生地に使われる,,,,3,normal,0.45,3,
24,3,単糸,たんし,zako,1本だけの糸を何と呼ぶ?(20/1と書く),単糸(たんし),毛糸,,1,「にじゅうばんたんたん」と読むよ,,,,4,normal,0.7,1,
25,3,双糸,そうし,zako,糸を2本より合わせた、じょうぶで太さのそろった糸は?,双糸(そうし),三つ編み糸,,1,40/2=「よんまるそうし」。細かい柄のタオルに,,,,5,normal,0.35,1,
26,3,Z撚り,ぜっとより,zako,ふつうの糸の撚(よ)りの向きは、アルファベットでいうと?,Z撚(よ)り,S撚(よ)り,,1,特別な糸以外はZ撚(よ)りが基本,,,,6,normal,0.55,1,
27,3,甘撚り,あまより,mid,撚(よ)りがゆるい「甘撚(あまよ)り」の糸。手ざわりは?,柔らかく、温かい,硬く、涼しい,,1,撚(よ)りが強いと硬く涼しい。試験によく出る!,撚(よ)りがゆるくて、やわらかく温かい糸は？,,,7,normal,0.25,3,
28,3,強撚糸,きょうねんし,zako,撚(よ)りをとても強くかけた、硬くて涼しい糸は?,強撚糸(きょうねんし),ゆる撚(よ)り糸,,1,シャリッとした夏向きの生地になる,,,,8,normal,0.65,1,
29,3,無撚糸,むねんし,boss,撚(よ)りをかけずに作る、ふわふわの糸は?,無撚糸(むねんし),二重糸,,1,水にとける特別な糸を使って作る,,,,10,normal,0.4,12,
30,3,スナール,すなーる,zako,撚(よ)りが元にもどろうとして、糸がよじれてしまう現象は?,スナール,カール,,1,よじれ防止に蒸気で形を安定させる,,,,10,normal,0.5,1,
31,4,麻(リネン),あさ,zako,使うほどやわらかくなる、シャリッとした手ざわりの植物繊維(せんい)は?,麻(リネン),毛(ウール),,1,ガム質が落ちて、やさしい白さが出てくる,,,,1,normal,0.3,1,
32,4,絹,きぬ,zako,カイコがつくる、つやと発色(はっしょく)の美しい繊維(せんい)は?,絹(きぬ),綿,,1,シルクロードの名前のもとになった糸,,,,2,normal,0.6,1,
33,4,毛(ウール),け,mid,ヒツジからとれる、あたたかい動物繊維(せんい)は?,毛(ウール),麻,,1,水を吸いにくいので、タオルでは工夫して使う,,,,3,normal,0.45,3,
34,4,レーヨン,れーよん,zako,木材パルプから作られる「再生繊維(せんい)」は?,レーヨン,ナイロン,,1,天然のものを一度とかして作り直した繊維(せんい),,,,4,normal,0.7,1,
35,4,ポリエステル,ぽりえすてる,boss,日本でいちばん多く作られている合成繊維(せんい)は?,ポリエステル,アクリル,,1,じょうぶで乾きやすい、化学の糸の王様,,,,10,normal,0.35,12,
36,4,ナイロン,ないろん,zako,「クモの糸より細く、鋼(はがね)より強い」と宣伝された合成繊維(せんい)は?,ナイロン,レーヨン,,1,1935年アメリカ生まれ、世界初の合成繊維(せんい),,,,6,normal,0.55,1,
37,4,三大合成繊維,さんだいごうせいせんい,zako,三大合成繊維(せんい)は、ナイロン・ポリエステルと、あと1つは?,アクリル,ビニロン,,1,この3つで合成繊維(せんい)の約90%!,,,,7,normal,0.25,1,
38,4,マイクロファイバー,まいくろふぁいばー,mid,とても細い化学繊維(せんい)で作った、軽くて乾きやすい糸は?,マイクロファイバー,メガファイバー,,1,スポーツタオルやそうじ用品で活躍,,,,8,normal,0.65,3,
39,4,ガス焼き糸,がすやきいと,zako,糸の表面の細かい毛(毛羽・けば)を火で焼き取った、なめらかな糸は?,ガス焼き糸,水洗い糸,,1,毛羽が少なく、パイルが抜けにくくなる,,,,9,normal,0.4,1,
40,4,シルケット糸,しるけっといと,zako,綿の糸に、絹(きぬ)のようなつやを持たせた糸は?,シルケット糸,ダイヤモンド糸,,1,薬品で処理してつやを出す特別な加工糸,,,,10,normal,0.5,1,
41,5,紡績,ぼうせき,zako,糸づくりから織りまで。正しい順番はどれ?,紡績→製織,製織→紡績,縫製→製織,1,まず綿花を糸にするのが紡績(ぼうせき),,,,1,normal,0.3,1,
42,5,糊付け,のりづけ,zako,糸を強くしてから織るまで。正しい順番はどれ?,紡績→糊付け→製織,紡績→製織→糊付け,糊付け→紡績→製織,1,糊(のり)をつけると糸が切れにくくなる,,,,2,normal,0.6,1,
43,5,撚糸,ねんし,mid,糸を引きそろえて、撚(よ)りをかけて強くする工程は?,撚糸(ねんし),染色,,1,糸切れをふせぎ、風合いをつくる大事な工程,,,,3,normal,0.45,3,
44,5,晒し,さらし,zako,織りあがった布を洗って、まっ白にする工程は?,晒(さら)し,乾燥(かんそう),,1,正体は「精練(せいれん)+漂白(ひょうはく)」。吸水性(きゅうすいせい)も引き出す,,,,4,normal,0.7,1,
45,5,染色,せんしょく,zako,布や糸に色をつける工程は?,染色(せんしょく),漂白(ひょうはく),,1,白いままなら省略されることもある,,,,5,normal,0.35,1,
46,5,縫製,ほうせい,zako,タオルのはしをぬって仕上げる工程は?,縫製(ほうせい),製織(せいしょく),,1,ほつれないようにミシンでぬう,,,,6,normal,0.55,1,
47,5,検査,けんさ,mid,出荷前に、サイズや汚(よご)れ、針の混入がないかを確かめる工程は?,検査,宣伝,,1,検針機(けんしんき)で金属もチェック!,,,,7,normal,0.25,3,
48,5,先晒し先染め,さきざらしさきぞめ,zako,糸の段階で晒(さら)して染めてから織る、今治(いまばり)産地の技法は?,先晒(さら)し先染め,後晒(さら)し後染め,,1,綿本来の柔らかさが引き出せる,,,,8,normal,0.65,1,
49,5,後晒し後染め,あとざらしあとぞめ,zako,先に織ってから、生地を晒(さら)して染める一般的な技法は?,後晒(さら)し後染め,先晒(さら)し先染め,,1,ふつうのタオルはこちらの順番で作られる,,,,9,normal,0.4,1,
50,5,製織,せいしょく,boss,綿花からタオルになるまでの6工程。正しい順番はどれ?,綿花→紡績→糊付け→製織→晒し→縫製,綿花→紡績→糊付け→晒し→製織→縫製,紡績→綿花→糊付け→製織→晒し→縫製,1,この流れが基本。何度もならべて覚えよう,糊(のり)付けした糸を織機(しょっき)にかけて、タオルの生地に織り上げる工程は？,,,10,normal,0.5,12,
51,6,梳綿,そめん,zako,糸づくりのはじまり。正しい順番はどれ?,混打綿→梳綿,梳綿→混打綿,混打綿→精紡,1,まずほぐして、それから方向をそろえる,,,,1,normal,0.3,1,
52,6,練条,れんじょう,zako,スライバーが糸になるまで。正しい順番はどれ?,梳綿→練条→粗紡,梳綿→粗紡→練条,練条→梳綿→粗紡,1,だんだん細く、だんだんそろっていく,,,,2,normal,0.6,1,
53,6,精紡,せいぼう,boss,糸が完成するまで。正しい順番はどれ?,練条→粗紡→精紡,練条→精紡→粗紡,粗紡→練条→精紡,1,精紡(せいぼう)で決められた太さ(番手(ばんて))の糸が完成,糸づくりの最後に、決められた太さ（番手(ばんて)）の糸に仕上げる工程は？,,,10,normal,0.45,12,
54,6,混打綿,こんだめん,mid,かたく固まった綿をほぐして、ゴミを落とす最初の工程は?,混打綿(こんだめん),精紡(せいぼう),,1,ちがう産地の綿をまぜる(ブレンド)のもここ,,,,4,normal,0.7,3,
55,6,コーマ糸,こーまいと,zako,短い繊維(せんい)を取りのぞいて作る、つやのある上質な糸は?,コーマ糸,カード糸,,1,「櫛(くし)を通した糸」という意味,,,,5,normal,0.35,1,
56,6,粗紡,そぼう,zako,糸になる直前の、太い糸を作る工程は?,粗紡(そぼう),漂白(ひょうはく),,1,この太い糸は「粗糸(あらいと)」と呼ばれる,,,,6,normal,0.55,1,
57,6,リング精紡機,りんぐせいぼうき,zako,日本でいちばん多く使われている精紡(せいぼう)機は?,リング精紡(せいぼう)機,エアジェット精紡(せいぼう)機,,1,くるくる回る金属の輪(リング)で撚(よ)りをかける,,,,7,normal,0.25,1,
58,6,スライバー,すらいばー,mid,繊維(せんい)がロープのようにそろった状態を何と呼ぶ?,スライバー,チーズ,,1,梳綿(そめん)工程でできる、糸のもと,,,,8,normal,0.65,3,
59,6,ドラフト,どらふと,zako,スライバーを細く引きのばすことを何と呼ぶ?,ドラフト,シュート,,1,繊維(せんい)を平行にそろえ、太さを均一にする働き,,,,9,normal,0.4,1,
60,6,巻き返し,まきかえし,zako,紡績(ぼうせき)の6工程。正しい順番はどれ?,混打綿→梳綿→練条→粗紡→精紡→巻き返し,混打綿→練条→梳綿→粗紡→精紡→巻き返し,梳綿→混打綿→練条→粗紡→精紡→巻き返し,1,この流れが紡績(ぼうせき)のすべて。チーズとコーンに巻いて完成!,,,,10,normal,0.5,1,
61,7,経糸と緯糸,たていととよこいと,zako,織物のたて方向の糸とよこ方向の糸。それぞれ何と呼ぶ?,経糸(たていと)と緯糸(よこいと),上糸と下糸,,1,この2つを交差(こうさ)させるのが織物,,,,1,normal,0.3,1,
62,7,パイル,ぱいる,zako,タオルの表面の、輪(わ)っかになった部分を何と呼ぶ?,パイル,フリル,,1,パイルがあるからタオルは水を吸う,,,,2,normal,0.6,1,
63,7,パイル経糸,ぱいるたていと,mid,パイル(輪っか)を作るための専用のたて糸は?,パイル経糸(たていと),飾り糸,,1,ゆるく張ることで輪っかが生まれる,,,,3,normal,0.45,3,
64,7,地経糸,じたていと,zako,生地の土台を作るたて糸は?,地経糸(たていと),底糸,,1,こちらは強く張って土台をつくる,,,,4,normal,0.7,1,
65,7,テリーモーション,てりーもーしょん,zako,パイルを作り出す、タオル織機(しょっき)の特別な動きは?,テリーモーション,スローモーション,,1,3本目のよこ糸と一緒にまとめて打ちこむ!試験頻出,,,,5,normal,0.35,1,
66,7,3種の糸,さんしゅのいと,zako,タオルは何種類の糸で織られている?,3種類(地経糸(たていと)・パイル経糸(たていと)・緯糸(よこいと)),1種類,,1,3種の糸の組み合わせがタオルの秘密,,,,6,normal,0.55,1,
67,7,ジャカード織機,じゃかーどしょっき,boss,糸を1本ずつあやつって、複雑な柄を織り出せる織機は?,ジャカード織機,ドビー織機,,1,高級タオルの柄はこの織機から生まれる,,,,10,normal,0.25,12,
68,7,ドビー織機,どびーしょっき,mid,ふつうの無地タオルや小さな柄を織る織機は?,ドビー織機,ジャカード織機,,1,タオルづくりの主役の織機,,,,8,normal,0.65,3,
69,7,シャットル,しゃっとる,zako,昔の織機で緯糸(よこいと)を運んだ、舟形の道具は?,シャットル,ロケット,,1,「カッシャンカッシャン」という音のもと,,,,9,normal,0.4,1,
70,7,基本3大運動,きほんさんだいうんどう,zako,布を織る基本3大運動。正しい順番はどれ?,開口→緯入れ→筬打ち,開口→筬打ち→緯入れ,緯入れ→開口→筬打ち,1,この3つのくり返しで布が織りあがる。試験頻出!,,,,10,normal,0.5,1,
71,8,乾燥,かんそう,zako,織ったあとの仕上げ。正しい順番はどれ?,晒し→乾燥→縫製,晒し→縫製→乾燥,乾燥→晒し→縫製,1,洗って、乾かして、ぬって、タオルのかたちへ,,,,1,normal,0.3,1,
72,8,精練,せいれん,zako,綿の油分や不純物を落として、水を吸うようにする加工は?,精練(せいれん),乾燥(かんそう),,1,これをしないと綿は水を吸わない!,,,,2,normal,0.6,1,
73,8,漂白,ひょうはく,mid,綿にふくまれる色素を分解して、白さを引き出す加工は?,漂白(ひょうはく),染色,,1,精練(せいれん)とセットで「晒(さら)し」と呼ばれる,,,,3,normal,0.45,3,
74,8,糊抜き,のりぬき,zako,織るためにつけた糊(のり)を、洗い落とす工程は?,糊抜(のりぬ)き,糊(のり)付け,,1,糊(のり)が残ると水を吸いにくいタオルになる,,,,4,normal,0.7,1,
75,8,検針機,けんしんき,boss,タオルに針などの金属が入っていないか調べる機械は?,検針機(けんしんき),洗濯機,,1,安全のための最後の見はり役,,,,10,normal,0.35,12,
76,8,吸水性試験,きゅうすいせいしけん,zako,タオルのきれはしを水にうかべて、何秒以内にしずみ始めれば合格?,5秒,5分,,1,今治タオルの有名な品質基準,,,,6,normal,0.55,1,
77,8,脱毛率,だつもうりつ,zako,毛羽(けば)がぬけ落ちる割合の基準は、何%以下?,0.2%,20%,,1,少ないほど毛羽が落ちにくい良いタオル,,,,7,normal,0.25,1,
78,8,ヘム,へむ,mid,タオルの上下のはし(短い辺)の部分を何と呼ぶ?,ヘム,ミミ,,1,左右の長い辺は「ミミ(耳)」,,,,8,normal,0.65,3,
79,8,耳巻き,みみまき,zako,タオルの左右のはしを、ほつれないようにぬうことを何と呼ぶ?,耳巻き,耳かき,,1,ミシンでかがって仕上げる,,,,9,normal,0.4,1,
80,8,1枚切り,いちまいきり,zako,縫製(ほうせい)工程。正しい順番はどれ?,縦切り→耳巻き→1枚切り→ヘム縫い,耳巻き→縦切り→1枚切り→ヘム縫い,縦切り→耳巻き→ヘム縫い→1枚切り,1,教本どおりの順番。縦に切って、耳をぬって、1枚に切って、ヘムをぬう,,,,10,normal,0.5,1,
81,9,パイル,ぱいる,zako,タオルの命ともいえる、表面の輪っかの名前は?,パイル,ループタイ,,1,水を吸い、ふんわり感を生む主役,,,,1,normal,0.3,1,
82,9,ヘム,へむ,zako,タオルの上下のはしの部分は?,ヘム,スソ,,1,ここのぬい方で長持ち度が変わる,,,,2,normal,0.6,1,
83,9,ミミ,みみ,mid,タオルの左右のはしの部分は?,ミミ(耳),ハナ,,1,耳巻きでほつれを防いでいる,,,,3,normal,0.45,3,
84,9,ネーム,ねーむ,zako,タオルにぬい付けられた、メーカー名などのタグを何と呼ぶ?,ネーム(タグ),シール,,1,洗濯表示もここに書いてある,,,,4,normal,0.7,1,
85,9,バスタオル,ばすたおる,boss,おふろ上がりに使う、大きなタオルは?,バスタオル,ハンドタオル,,1,幅60〜70cm、長さ120〜140cmが主流,,,,10,normal,0.35,12,
86,9,フェイスタオル,ふぇいすたおる,zako,いちばん身近な、細長い定番タオルは?,フェイスタオル,テーブルタオル,,1,幅33〜38cm、長さ70〜85cmくらい,,,,6,normal,0.55,1,
87,9,ウォッシュタオル,うぉっしゅたおる,zako,手のひらサイズの正方形に近い小さなタオルは?,ウォッシュタオル,ビーチタオル,,1,おしぼりやおもてなしにも使われる,,,,7,normal,0.25,1,
88,9,タオルハンカチ,たおるはんかち,mid,ポケットに入る、約20〜30cm四方のタオルは?,タオルハンカチ,タオルケット,,1,昭和50年代に専用規格で生まれたヒット商品,,,,8,normal,0.65,3,
89,9,タオルケット,たおるけっと,zako,タオル生地でできた、夏のかけ布団は?,タオルケット,タオルシーツ,,1,実は日本生まれの呼び名!,,,,9,normal,0.4,1,
90,9,マフラータオル,まふらーたおる,zako,首にかける細長いタオル。スポーツ観戦でも大活躍なのは?,マフラータオル,ネクタイタオル,,1,幅20cm前後、長さ100〜110cmが主流,,,,10,normal,0.5,1,
91,10,ドビー織,どびーおり,zako,ふつうの無地タオルを織る織り方は?,ドビー織,あみ織,,1,タオルの基本形はドビー織機から,,,,1,normal,0.3,1,
92,10,ジャカード織,じゃかーどおり,boss,織り方そのもので柄を出す、高級タオルの織りは?,ジャカード織,プリント織,,1,糸を1本ずつあやつって柄を描く,,,,10,normal,0.6,12,
93,10,ガーゼ,がーぜ,zako,軽くて肌にやさしい、赤ちゃん向けにも人気の生地は?,ガーゼ,デニム,,1,あらく織って空気をふくませる,,,,3,normal,0.45,1,
94,10,ワッフル,わっふる,mid,でこぼこした形で、さらっと乾きやすい生地は?,ワッフル,パンケーキ,,1,お菓子のワッフルにそっくりの見た目,,,,4,normal,0.7,3,
95,10,シャーリング,しゃーりんぐ,zako,パイルの先を切りそろえて、なめらかにする加工は?,シャーリング,トリミング,,1,プリントの絵がきれいに見える,,,,5,normal,0.35,1,
96,10,ベロア,べろあ,zako,パイルをカットしてビロードのような手ざわりにしたものは?,ベロア,ベニヤ,,1,カットパイルとも呼ばれる高級な風合い,,,,6,normal,0.55,1,
97,10,無撚糸タオル,むねんしたおる,zako,撚(よ)りのない糸で作った、ふわっふわのタオルは?,無撚糸(むねんし)タオル,強撚タオル,,1,やわらかさ最強。でも毛羽は落ちやすい,,,,7,normal,0.25,1,
98,10,甘撚りタオル,あまよりたおる,mid,やわらかさと丈夫さのバランスがよいタオルは?,甘撚(あまよ)りタオル,無撚糸(むねんし)タオル,,1,撚(よ)りをゆるくかけた糸で作る,,,,8,normal,0.65,3,
99,10,ボーダー織,ぼーだーおり,zako,ヘムの近くにある、かざりの織り部分を何と呼ぶ?,ボーダー織(縄織り),しましま織,,1,ブランドタオルの顔になる部分,,,,9,normal,0.4,1,
100,10,パイル倍率,ぱいるばいりつ,zako,パイルの長さの度合いを表す言葉は?,パイル倍率,パイル温度,,1,高いほどボリュームのあるタオルに,,,,10,normal,0.5,1,
101,11,先晒し先染め,さきざらしさきぞめ,zako,糸から晒(さら)して染めるから、柔らかくて色が長持ちする技法は?,先晒(さら)し先染め,後染めプリント,,1,今治産地の得意ワザ,,,,1,normal,0.3,1,
102,11,染料プリント,せんりょうぷりんと,zako,色が生地にしみこむ、発色のよいプリントは?,染料(せんりょう)プリント,顔料(がんりょう)プリント,,1,水をよく吸い、色が長持ち,,,,2,normal,0.6,1,
103,11,顔料プリント,がんりょうぷりんと,mid,生地の表面に色をのせて固めるプリントは?,顔料(がんりょう)プリント,染料(せんりょう)プリント,,1,その部分は少し硬く、水を吸いにくくなる,,,,3,normal,0.45,3,
104,11,刺繍,ししゅう,boss,糸でぬって名前や絵を入れる加工は?,刺繍(ししゅう),印刷,,1,名入れギフトの王道!,,,,10,normal,0.7,12,
105,11,織りネーム,おりねーむ,zako,織って作るタグや名前を何と呼ぶ?,織りネーム,ぬりネーム,,1,学校名や社名入りタオルで大活躍,,,,5,normal,0.35,1,
106,11,抗菌防臭加工,こうきんぼうしゅうかこう,zako,イヤなにおいのもとをおさえる加工は?,抗菌防臭(こうきんぼうしゅう)加工,着色加工,,1,部活のタオルの強い味方,,,,6,normal,0.55,1,
107,11,吸水速乾加工,きゅうすいそっかんかこう,zako,水をよく吸って、はやく乾くようにする加工は?,吸水速乾(きゅうすいそっかん)加工,防水加工,,1,タオルは乾きやすさも大事,,,,7,normal,0.25,1,
108,11,UVカット,UVかっと,mid,マフラータオルにも使われる、紫外線(しがいせん)を防ぐ機能は?,UVカット,BGMカット,,1,春や秋の外出で首もとを守る,,,,8,normal,0.65,3,
109,11,機能加工,きのうかこう,zako,カニのからの成分(キチンキトサン)などを付けて、働きを足す加工をまとめて何と呼ぶ?,機能加工,変身加工,,1,保湿や抗菌などいろいろな機能がある,,,,9,normal,0.4,1,
110,11,ワンポイント刺繍,わんぽいんとししゅう,zako,無地のタオルに小さく1つだけ入れる刺繍(ししゅう)は?,ワンポイント刺繍(ししゅう),ぜんぶ刺繍(ししゅう),,1,パーソナルギフトの定番,,,,10,normal,0.5,1,
111,12,吸水性,きゅうすいせい,zako,タオルのいちばん大事な力。水を吸う力を何と呼ぶ?,吸水性(きゅうすいせい),防水性,,1,5秒テストで確かめられる,,,,1,normal,0.3,1,
112,12,肌ざわり,はだざわり,zako,タオルを買うとき、いちばん重視される感覚は?,肌ざわり,におい,,1,デザインよりも「さわった感じ」が決め手,,,,2,normal,0.6,1,
113,12,柔軟剤の使いすぎ,じゅうなんざいのつかいすぎ,boss,柔軟剤(じゅうなんざい)を使いすぎるとタオルはどうなる?,水をはじくようになる,もっと水を吸う,,1,ふんわりするけど吸水性(きゅうすいせい)が落ちる。ほどほどに!,タオルがふんわりしても、水をはじいて吸わなくなってしまう原因は？,,,10,normal,0.45,12,
114,12,塩素系漂白剤,えんそけいひょうはくざい,mid,塩素系漂白剤(えんそけいひょうはくざい)をタオルに使うと?,色が抜けて生地も傷む,もっと丈夫になる,,1,白いタオルと色物は分けて洗おう,タオルに使うと、色が抜けて生地も傷んでしまうものは？,,,4,normal,0.7,3,
115,12,パイルの引きつれ,ぱいるのひきつれ,zako,パイルが引っかかって飛び出したら、どうする?,引っぱらずに切る,思いきり引っぱる,,1,引っぱると連鎖してもっと抜けてしまう,,,,5,normal,0.35,1,
116,12,毛羽落ち,けばおち,zako,新品のタオルを使う前にした方がよいことは?,一度洗ってから使う,そのまま使う,,1,最初の毛羽を落としてから使うと快適,,,,6,normal,0.55,1,
117,12,たっぷりの水,たっぷりのみず,zako,タオルを長持ちさせる洗い方は?,たっぷりの水で泳がせるように洗う,ぎゅうぎゅうに詰めて洗う,,1,水の量がタオルの寿命を決める,,,,7,normal,0.25,1,
118,12,陰干し,かげぼし,mid,タオルの干し方でおすすめなのは?,風通しのよい場所で陰干(かげぼ)し,真夏の直射日光でカラカラに,,1,乾かしすぎは硬くなる原因に,タオルを風通しのよい場所で、直射日光(ちょくしゃにっこう)をさけて干す干し方は？,,,8,normal,0.65,3,
119,12,洗濯表示,せんたくひょうじ,zako,洗い方やアイロンのかけ方を教えてくれるマークを何と呼ぶ?,洗濯表示,天気予報,,1,ネーム(タグ)についているマークだよ,,,,9,normal,0.4,1,
120,12,タオルソムリエ,たおるそむりえ,zako,お客様とタオルの架け橋になる、タオル選びの専門アドバイザーは?,タオルソムリエ,タオルマイスター,,1,2007年開始。キミも今日からその一歩!,,,,10,normal,0.5,1,
